tail_number,carrier_code,model,manufacturer,seat_capacity,cruise_speed_knots,wake_turbulence,year_manufactured
N859AA,AA,Boeing 737-800,Boeing,162,450,M,2013
N242WN,WN,Boeing 787-9 Dreamliner,Boeing,290,488,H,2008
N704F9,F9,Boeing 737-MAX8,Boeing,178,453,M,2018
N195DL,DL,Boeing 737-800,Boeing,162,450,M,2011
N716WN,WN,Bombardier CRJ-900,Bombardier,79,440,M,2005
N833F9,F9,Boeing 787-9 Dreamliner,Boeing,290,488,H,2022
N559NK,NK,Boeing 787-9 Dreamliner,Boeing,290,488,H,2023
N877AS,AS,Boeing 737-800,Boeing,162,450,M,2010
N384NK,NK,Airbus A321neo,Airbus,196,450,M,2009
N204WN,WN,Airbus A321neo,Airbus,196,450,M,2007
N467NK,NK,Boeing 737-MAX8,Boeing,178,453,M,2016
N926HA,HA,Airbus A320neo,Airbus,160,445,M,2006
N227OO,OO,Bombardier CRJ-900,Bombardier,79,440,M,2017
N400AA,AA,Bombardier CRJ-900,Bombardier,79,440,M,2016
N821HA,HA,Boeing 787-9 Dreamliner,Boeing,290,488,H,2007
N891DL,DL,Boeing 787-9 Dreamliner,Boeing,290,488,H,2014
N987AA,AA,Boeing 787-9 Dreamliner,Boeing,290,488,H,2008
N564NK,NK,Airbus A320neo,Airbus,160,445,M,2016
N463UA,UA,Airbus A321neo,Airbus,196,450,M,2011
N723AS,AS,Boeing 737-MAX8,Boeing,178,453,M,2010
N267F9,F9,Boeing 787-9 Dreamliner,Boeing,290,488,H,2019
N755NK,NK,Airbus A320neo,Airbus,160,445,M,2022
N963WN,WN,Airbus A321neo,Airbus,196,450,M,2006
N924WN,WN,Boeing 737-800,Boeing,162,450,M,2015
N167NK,NK,Airbus A320neo,Airbus,160,445,M,2011
N317HA,HA,Airbus A321neo,Airbus,196,450,M,2020
N246NK,NK,Embraer E175,Embraer,76,430,M,2013
N862UA,UA,Boeing 787-9 Dreamliner,Boeing,290,488,H,2022
N864F9,F9,Airbus A320neo,Airbus,160,445,M,2023
N470NK,NK,Airbus A350-900,Airbus,306,488,H,2012
N605UA,UA,Bombardier CRJ-900,Bombardier,79,440,M,2007
N256DL,DL,Boeing 737-MAX8,Boeing,178,453,M,2010
N494NK,NK,Boeing 737-MAX8,Boeing,178,453,M,2017
N641HA,HA,Embraer E175,Embraer,76,430,M,2013
N796F9,F9,Boeing 737-800,Boeing,162,450,M,2008
N887F9,F9,Airbus A320neo,Airbus,160,445,M,2015
N545AA,AA,Airbus A320neo,Airbus,160,445,M,2010
N839OO,OO,Boeing 737-800,Boeing,162,450,M,2013
N619F9,F9,Boeing 777-200ER,Boeing,314,490,H,2008
N723AS,AS,Bombardier CRJ-900,Bombardier,79,440,M,2011
N880UA,UA,Airbus A321neo,Airbus,196,450,M,2010
N100F9,F9,Bombardier CRJ-900,Bombardier,79,440,M,2015
N214OO,OO,Boeing 737-800,Boeing,162,450,M,2016
N159AS,AS,Boeing 787-9 Dreamliner,Boeing,290,488,H,2012
N187HA,HA,Boeing 737-MAX8,Boeing,178,453,M,2020
N884AA,AA,Bombardier CRJ-900,Bombardier,79,440,M,2009
N662UA,UA,Embraer E175,Embraer,76,430,M,2010
N993AS,AS,Bombardier CRJ-900,Bombardier,79,440,M,2018
N873WN,WN,Bombardier CRJ-900,Bombardier,79,440,M,2011
N787AS,AS,Airbus A350-900,Airbus,306,488,H,2016
N562OO,OO,Bombardier CRJ-900,Bombardier,79,440,M,2008
N165WN,WN,Boeing 787-9 Dreamliner,Boeing,290,488,H,2015
N335DL,DL,Bombardier CRJ-900,Bombardier,79,440,M,2023
N172WN,WN,Boeing 737-800,Boeing,162,450,M,2006
N132WN,WN,Boeing 737-MAX8,Boeing,178,453,M,2015
N343AA,AA,Bombardier CRJ-900,Bombardier,79,440,M,2013
N652OO,OO,Boeing 787-9 Dreamliner,Boeing,290,488,H,2009
N348HA,HA,Embraer E175,Embraer,76,430,M,2020
N196NK,NK,Boeing 787-9 Dreamliner,Boeing,290,488,H,2008
N533NK,NK,Airbus A321neo,Airbus,196,450,M,2018
N789OO,OO,Boeing 737-800,Boeing,162,450,M,2008
N845DL,DL,Airbus A350-900,Airbus,306,488,H,2015
N296AA,AA,Boeing 787-9 Dreamliner,Boeing,290,488,H,2011
N243F9,F9,Embraer E175,Embraer,76,430,M,2018
N573UA,UA,Airbus A320neo,Airbus,160,445,M,2012
N927AA,AA,Embraer E175,Embraer,76,430,M,2022
N767AA,AA,Boeing 737-800,Boeing,162,450,M,2022
N871DL,DL,Boeing 737-MAX8,Boeing,178,453,M,2012
N597UA,UA,Airbus A350-900,Airbus,306,488,H,2020
N160WN,WN,Airbus A350-900,Airbus,306,488,H,2010
N499NK,NK,Boeing 737-800,Boeing,162,450,M,2013
N533OO,OO,Airbus A320neo,Airbus,160,445,M,2022
N294OO,OO,Boeing 777-200ER,Boeing,314,490,H,2014
N693WN,WN,Boeing 737-800,Boeing,162,450,M,2022
N158DL,DL,Airbus A321neo,Airbus,196,450,M,2006
N614HA,HA,Embraer E175,Embraer,76,430,M,2021
N620UA,UA,Boeing 737-800,Boeing,162,450,M,2007
N709UA,UA,Boeing 737-MAX8,Boeing,178,453,M,2007
N222WN,WN,Airbus A350-900,Airbus,306,488,H,2023
N734WN,WN,Boeing 737-800,Boeing,162,450,M,2007
N423NK,NK,Bombardier CRJ-900,Bombardier,79,440,M,2013
N344WN,WN,Airbus A321neo,Airbus,196,450,M,2013
N787NK,NK,Boeing 777-200ER,Boeing,314,490,H,2014
N869OO,OO,Airbus A321neo,Airbus,196,450,M,2007
N736DL,DL,Embraer E175,Embraer,76,430,M,2023
N650AA,AA,Boeing 737-MAX8,Boeing,178,453,M,2011
N235F9,F9,Airbus A320neo,Airbus,160,445,M,2016
N478AA,AA,Boeing 787-9 Dreamliner,Boeing,290,488,H,2014
N953UA,UA,Embraer E175,Embraer,76,430,M,2022
N108AS,AS,Bombardier CRJ-900,Bombardier,79,440,M,2022
N999AS,AS,Boeing 737-MAX8,Boeing,178,453,M,2009
N209AS,AS,Boeing 737-MAX8,Boeing,178,453,M,2022
N388UA,UA,Airbus A320neo,Airbus,160,445,M,2011
N803B6,B6,Boeing 787-9 Dreamliner,Boeing,290,488,H,2013
N357F9,F9,Embraer E175,Embraer,76,430,M,2006
N949AA,AA,Airbus A350-900,Airbus,306,488,H,2013
N441DL,DL,Boeing 737-800,Boeing,162,450,M,2009
N859AS,AS,Boeing 777-200ER,Boeing,314,490,H,2019
N674F9,F9,Airbus A350-900,Airbus,306,488,H,2005
N807AA,AA,Boeing 737-MAX8,Boeing,178,453,M,2009
N954F9,F9,Boeing 737-800,Boeing,162,450,M,2016
N251HA,HA,Bombardier CRJ-900,Bombardier,79,440,M,2018
N415UA,UA,Boeing 737-800,Boeing,162,450,M,2016
N315DL,DL,Airbus A321neo,Airbus,196,450,M,2012
N898AA,AA,Airbus A321neo,Airbus,196,450,M,2022
N342NK,NK,Boeing 777-200ER,Boeing,314,490,H,2010
N125UA,UA,Airbus A350-900,Airbus,306,488,H,2010
N921B6,B6,Airbus A350-900,Airbus,306,488,H,2012
N906AS,AS,Boeing 777-200ER,Boeing,314,490,H,2008
N979NK,NK,Boeing 737-800,Boeing,162,450,M,2020
N936WN,WN,Boeing 787-9 Dreamliner,Boeing,290,488,H,2019
N940B6,B6,Airbus A320neo,Airbus,160,445,M,2012
N775WN,WN,Boeing 737-800,Boeing,162,450,M,2011
N385NK,NK,Airbus A321neo,Airbus,196,450,M,2007
N756AS,AS,Airbus A321neo,Airbus,196,450,M,2021
N439NK,NK,Bombardier CRJ-900,Bombardier,79,440,M,2005
N282AA,AA,Airbus A320neo,Airbus,160,445,M,2023
N211AS,AS,Boeing 737-800,Boeing,162,450,M,2018
N546B6,B6,Airbus A321neo,Airbus,196,450,M,2021
N690AA,AA,Airbus A350-900,Airbus,306,488,H,2011
N825AS,AS,Boeing 737-800,Boeing,162,450,M,2018
N925DL,DL,Bombardier CRJ-900,Bombardier,79,440,M,2022
N541WN,WN,Airbus A321neo,Airbus,196,450,M,2007
N779B6,B6,Airbus A321neo,Airbus,196,450,M,2008
N416AS,AS,Bombardier CRJ-900,Bombardier,79,440,M,2018
N813B6,B6,Airbus A350-900,Airbus,306,488,H,2014
N296F9,F9,Boeing 777-200ER,Boeing,314,490,H,2018
N730NK,NK,Boeing 777-200ER,Boeing,314,490,H,2023
N661AS,AS,Airbus A350-900,Airbus,306,488,H,2005
N315AS,AS,Airbus A320neo,Airbus,160,445,M,2018
N576HA,HA,Airbus A321neo,Airbus,196,450,M,2019
N623OO,OO,Boeing 787-9 Dreamliner,Boeing,290,488,H,2020
N390UA,UA,Boeing 737-MAX8,Boeing,178,453,M,2021
N195HA,HA,Airbus A321neo,Airbus,196,450,M,2012
N925AS,AS,Boeing 787-9 Dreamliner,Boeing,290,488,H,2011
N147UA,UA,Boeing 737-800,Boeing,162,450,M,2012
N566OO,OO,Boeing 737-MAX8,Boeing,178,453,M,2018
N835HA,HA,Boeing 787-9 Dreamliner,Boeing,290,488,H,2017
N349OO,OO,Airbus A350-900,Airbus,306,488,H,2009
N897DL,DL,Boeing 737-MAX8,Boeing,178,453,M,2018
N923WN,WN,Boeing 777-200ER,Boeing,314,490,H,2021
N670OO,OO,Boeing 737-800,Boeing,162,450,M,2012
N236AA,AA,Embraer E175,Embraer,76,430,M,2019
N709F9,F9,Bombardier CRJ-900,Bombardier,79,440,M,2015
N536OO,OO,Bombardier CRJ-900,Bombardier,79,440,M,2022
N861OO,OO,Boeing 777-200ER,Boeing,314,490,H,2020
N869OO,OO,Airbus A320neo,Airbus,160,445,M,2012
N596AS,AS,Bombardier CRJ-900,Bombardier,79,440,M,2012
N179AS,AS,Embraer E175,Embraer,76,430,M,2014
N443WN,WN,Airbus A320neo,Airbus,160,445,M,2015
N241F9,F9,Boeing 737-MAX8,Boeing,178,453,M,2009
N810WN,WN,Airbus A350-900,Airbus,306,488,H,2009
N524WN,WN,Boeing 737-MAX8,Boeing,178,453,M,2018
N577B6,B6,Bombardier CRJ-900,Bombardier,79,440,M,2018
N952DL,DL,Boeing 787-9 Dreamliner,Boeing,290,488,H,2018
N977NK,NK,Boeing 737-800,Boeing,162,450,M,2023
N106NK,NK,Embraer E175,Embraer,76,430,M,2016
N973AS,AS,Airbus A350-900,Airbus,306,488,H,2018
N919F9,F9,Bombardier CRJ-900,Bombardier,79,440,M,2012
N379OO,OO,Boeing 787-9 Dreamliner,Boeing,290,488,H,2018
N498OO,OO,Boeing 737-800,Boeing,162,450,M,2015
N960NK,NK,Boeing 777-200ER,Boeing,314,490,H,2019
N127UA,UA,Bombardier CRJ-900,Bombardier,79,440,M,2017
N185HA,HA,Boeing 737-800,Boeing,162,450,M,2018
N286UA,UA,Embraer E175,Embraer,76,430,M,2006
N435AS,AS,Airbus A350-900,Airbus,306,488,H,2011
N445OO,OO,Airbus A321neo,Airbus,196,450,M,2017
N358AS,AS,Airbus A350-900,Airbus,306,488,H,2007
N867OO,OO,Boeing 737-800,Boeing,162,450,M,2022
N329DL,DL,Airbus A321neo,Airbus,196,450,M,2007
N353DL,DL,Boeing 737-800,Boeing,162,450,M,2011
N344DL,DL,Boeing 777-200ER,Boeing,314,490,H,2009
N677OO,OO,Boeing 737-MAX8,Boeing,178,453,M,2011
N885OO,OO,Airbus A320neo,Airbus,160,445,M,2016
N896UA,UA,Boeing 737-MAX8,Boeing,178,453,M,2010
N692AS,AS,Boeing 737-MAX8,Boeing,178,453,M,2005
N506AS,AS,Airbus A350-900,Airbus,306,488,H,2011
N204AA,AA,Boeing 787-9 Dreamliner,Boeing,290,488,H,2014
N915HA,HA,Boeing 737-MAX8,Boeing,178,453,M,2023
N645DL,DL,Airbus A321neo,Airbus,196,450,M,2018
N618B6,B6,Boeing 737-MAX8,Boeing,178,453,M,2015
N942DL,DL,Airbus A350-900,Airbus,306,488,H,2020
N470AA,AA,Airbus A350-900,Airbus,306,488,H,2019
N280UA,UA,Airbus A350-900,Airbus,306,488,H,2021
N893AS,AS,Bombardier CRJ-900,Bombardier,79,440,M,2020
N945OO,OO,Airbus A350-900,Airbus,306,488,H,2023
N972AS,AS,Airbus A321neo,Airbus,196,450,M,2012
N561AA,AA,Airbus A320neo,Airbus,160,445,M,2012
N444OO,OO,Airbus A350-900,Airbus,306,488,H,2005
N286OO,OO,Airbus A321neo,Airbus,196,450,M,2020
N916WN,WN,Airbus A321neo,Airbus,196,450,M,2013
N710B6,B6,Airbus A320neo,Airbus,160,445,M,2013
N629F9,F9,Boeing 737-800,Boeing,162,450,M,2011
N837AA,AA,Boeing 787-9 Dreamliner,Boeing,290,488,H,2018
N876OO,OO,Bombardier CRJ-900,Bombardier,79,440,M,2012
N558OO,OO,Embraer E175,Embraer,76,430,M,2005
N326AA,AA,Airbus A320neo,Airbus,160,445,M,2017
N779WN,WN,Airbus A320neo,Airbus,160,445,M,2023
N666B6,B6,Embraer E175,Embraer,76,430,M,2021
N863B6,B6,Airbus A350-900,Airbus,306,488,H,2022
N819B6,B6,Airbus A321neo,Airbus,196,450,M,2019
N357AS,AS,Airbus A320neo,Airbus,160,445,M,2012
N423AA,AA,Boeing 787-9 Dreamliner,Boeing,290,488,H,2008
N296F9,F9,Boeing 777-200ER,Boeing,314,490,H,2011
N841OO,OO,Airbus A320neo,Airbus,160,445,M,2023
N202F9,F9,Airbus A320neo,Airbus,160,445,M,2011
N469AS,AS,Boeing 787-9 Dreamliner,Boeing,290,488,H,2010
N825AS,AS,Boeing 737-800,Boeing,162,450,M,2022
N146UA,UA,Airbus A320neo,Airbus,160,445,M,2006
N814F9,F9,Airbus A320neo,Airbus,160,445,M,2009
N993OO,OO,Boeing 737-MAX8,Boeing,178,453,M,2005
N580HA,HA,Airbus A320neo,Airbus,160,445,M,2020
N288OO,OO,Airbus A321neo,Airbus,196,450,M,2006
N216AS,AS,Embraer E175,Embraer,76,430,M,2007
N175NK,NK,Embraer E175,Embraer,76,430,M,2023
N252DL,DL,Boeing 777-200ER,Boeing,314,490,H,2023
N354AS,AS,Boeing 737-MAX8,Boeing,178,453,M,2008
N720F9,F9,Airbus A350-900,Airbus,306,488,H,2012
N561F9,F9,Airbus A350-900,Airbus,306,488,H,2019
N412AS,AS,Airbus A350-900,Airbus,306,488,H,2023
N724HA,HA,Boeing 737-800,Boeing,162,450,M,2008
N370WN,WN,Boeing 787-9 Dreamliner,Boeing,290,488,H,2007
N277UA,UA,Boeing 787-9 Dreamliner,Boeing,290,488,H,2022
N102AA,AA,Boeing 777-200ER,Boeing,314,490,H,2018
N398OO,OO,Embraer E175,Embraer,76,430,M,2006
N823WN,WN,Airbus A320neo,Airbus,160,445,M,2014
N803OO,OO,Boeing 737-MAX8,Boeing,178,453,M,2012
N535AS,AS,Boeing 787-9 Dreamliner,Boeing,290,488,H,2008
N763F9,F9,Boeing 787-9 Dreamliner,Boeing,290,488,H,2009
N173AS,AS,Boeing 777-200ER,Boeing,314,490,H,2006
N709UA,UA,Airbus A320neo,Airbus,160,445,M,2023
N227AS,AS,Embraer E175,Embraer,76,430,M,2019
N378AS,AS,Airbus A350-900,Airbus,306,488,H,2021
N548F9,F9,Embraer E175,Embraer,76,430,M,2007
N542HA,HA,Boeing 737-800,Boeing,162,450,M,2015
N126HA,HA,Airbus A320neo,Airbus,160,445,M,2007
N883WN,WN,Boeing 737-800,Boeing,162,450,M,2013
N881HA,HA,Boeing 737-800,Boeing,162,450,M,2010
N767OO,OO,Bombardier CRJ-900,Bombardier,79,440,M,2019
N699AS,AS,Boeing 777-200ER,Boeing,314,490,H,2018
N581OO,OO,Boeing 737-MAX8,Boeing,178,453,M,2016
N428NK,NK,Airbus A321neo,Airbus,196,450,M,2008
N521UA,UA,Airbus A321neo,Airbus,196,450,M,2020
N933AS,AS,Airbus A350-900,Airbus,306,488,H,2022
N190DL,DL,Embraer E175,Embraer,76,430,M,2015
N218AS,AS,Airbus A321neo,Airbus,196,450,M,2017
N773F9,F9,Boeing 737-800,Boeing,162,450,M,2022
N155OO,OO,Airbus A350-900,Airbus,306,488,H,2011
N737F9,F9,Airbus A321neo,Airbus,196,450,M,2020
N308OO,OO,Boeing 737-800,Boeing,162,450,M,2013
N394F9,F9,Boeing 777-200ER,Boeing,314,490,H,2019
N129OO,OO,Boeing 737-MAX8,Boeing,178,453,M,2012
N664UA,UA,Airbus A320neo,Airbus,160,445,M,2005
N195F9,F9,Airbus A350-900,Airbus,306,488,H,2012
N220AA,AA,Embraer E175,Embraer,76,430,M,2009
N621OO,OO,Airbus A320neo,Airbus,160,445,M,2013
N583NK,NK,Embraer E175,Embraer,76,430,M,2012
N248OO,OO,Bombardier CRJ-900,Bombardier,79,440,M,2017
N864WN,WN,Bombardier CRJ-900,Bombardier,79,440,M,2009
N891AA,AA,Airbus A320neo,Airbus,160,445,M,2018
N373B6,B6,Bombardier CRJ-900,Bombardier,79,440,M,2005
N957AS,AS,Airbus A320neo,Airbus,160,445,M,2023
N986HA,HA,Embraer E175,Embraer,76,430,M,2009
N595OO,OO,Bombardier CRJ-900,Bombardier,79,440,M,2016
N881B6,B6,Bombardier CRJ-900,Bombardier,79,440,M,2022
N429NK,NK,Embraer E175,Embraer,76,430,M,2011
N339WN,WN,Airbus A350-900,Airbus,306,488,H,2018
N862DL,DL,Airbus A321neo,Airbus,196,450,M,2020
N779NK,NK,Airbus A350-900,Airbus,306,488,H,2009
N229OO,OO,Boeing 737-800,Boeing,162,450,M,2021
N990HA,HA,Airbus A321neo,Airbus,196,450,M,2008
N638OO,OO,Boeing 737-MAX8,Boeing,178,453,M,2019
N519DL,DL,Boeing 777-200ER,Boeing,314,490,H,2009
N900AA,AA,Embraer E175,Embraer,76,430,M,2013
N765B6,B6,Airbus A350-900,Airbus,306,488,H,2007
N489B6,B6,Bombardier CRJ-900,Bombardier,79,440,M,2015
N136OO,OO,Bombardier CRJ-900,Bombardier,79,440,M,2007
N332WN,WN,Airbus A320neo,Airbus,160,445,M,2007
N878NK,NK,Boeing 737-MAX8,Boeing,178,453,M,2008
N810OO,OO,Boeing 777-200ER,Boeing,314,490,H,2014
N432DL,DL,Boeing 737-800,Boeing,162,450,M,2006
N483AS,AS,Airbus A321neo,Airbus,196,450,M,2018
N643UA,UA,Boeing 787-9 Dreamliner,Boeing,290,488,H,2018
N274HA,HA,Boeing 777-200ER,Boeing,314,490,H,2010
N734AA,AA,Airbus A350-900,Airbus,306,488,H,2012
N337OO,OO,Boeing 777-200ER,Boeing,314,490,H,2019
N361AS,AS,Embraer E175,Embraer,76,430,M,2005
N793OO,OO,Airbus A320neo,Airbus,160,445,M,2022
N552UA,UA,Boeing 737-MAX8,Boeing,178,453,M,2016
N754HA,HA,Airbus A320neo,Airbus,160,445,M,2018
N965AS,AS,Embraer E175,Embraer,76,430,M,2014
N973WN,WN,Airbus A350-900,Airbus,306,488,H,2020
N490AA,AA,Boeing 787-9 Dreamliner,Boeing,290,488,H,2023
N816B6,B6,Airbus A320neo,Airbus,160,445,M,2014
N381DL,DL,Airbus A350-900,Airbus,306,488,H,2005
N720HA,HA,Boeing 737-800,Boeing,162,450,M,2020
N721AS,AS,Boeing 787-9 Dreamliner,Boeing,290,488,H,2016
N735WN,WN,Boeing 787-9 Dreamliner,Boeing,290,488,H,2013
N742UA,UA,Boeing 737-MAX8,Boeing,178,453,M,2006
N134AS,AS,Embraer E175,Embraer,76,430,M,2023
