iata,icao,name,city,state,lat,lon,elev,tz,hub,terminals,gates
ATL,KATL,Hartsfield-Jackson Atlanta International Airport,Atlanta,GA,33.6407,-84.4277,1026,America/New_York,Large Hub,2,192
ORD,KORD,O'Hare International Airport,Chicago,IL,41.9742,-87.9073,672,America/Chicago,Large Hub,4,189
DFW,KDFW,Dallas/Fort Worth International Airport,Dallas,TX,32.8998,-97.0403,607,America/Chicago,Large Hub,5,165
DEN,KDEN,Denver International Airport,Denver,CO,39.8561,-104.6737,5434,America/Denver,Large Hub,1,150
CLT,KCLT,Charlotte Douglas International Airport,Charlotte,NC,35.2144,-80.9473,748,America/New_York,Large Hub,1,115
LAX,KLAX,Los Angeles International Airport,Los Angeles,CA,33.9425,-118.4081,128,America/Los_Angeles,Large Hub,9,146
JFK,KJFK,John F. Kennedy International Airport,New York,NY,40.6413,-73.7781,13,America/New_York,Large Hub,6,128
SFO,KSFO,San Francisco International Airport,San Francisco,CA,37.6188,-122.3754,13,America/Los_Angeles,Large Hub,4,115
SEA,KSEA,Seattle-Tacoma International Airport,Seattle,WA,47.4489,-122.3094,433,America/Los_Angeles,Large Hub,1,103
MIA,KMIA,Miami International Airport,Miami,FL,25.7959,-80.287,8,America/New_York,Large Hub,3,131
BOS,KBOS,Logan International Airport,Boston,MA,42.3656,-71.0096,20,America/New_York,Large Hub,4,102
EWR,KEWR,Newark Liberty International Airport,Newark,NJ,40.6895,-74.1745,18,America/New_York,Large Hub,3,110
PHX,KPHX,Phoenix Sky Harbor International Airport,Phoenix,AZ,33.4352,-112.0101,1135,America/Phoenix,Large Hub,2,106
IAH,KIAH,George Bush Intercontinental Airport,Houston,TX,29.9902,-95.3368,97,America/Chicago,Large Hub,5,130
LAS,KLAS,Harry Reid International Airport,Las Vegas,NV,36.084,-115.1537,2181,America/Los_Angeles,Large Hub,2,110
DTW,KDTW,Detroit Metropolitan Airport,Detroit,MI,42.2162,-83.3554,645,America/New_York,Large Hub,2,129
MSP,KMSP,Minneapolis-Saint Paul International Airport,Minneapolis,MN,44.8848,-93.2223,841,America/Chicago,Large Hub,2,131
MCO,KMCO,Orlando International Airport,Orlando,FL,28.4312,-81.3081,96,America/New_York,Large Hub,3,129
BWI,KBWI,Baltimore/Washington International Airport,Baltimore,MD,39.1774,-76.6684,146,America/New_York,Large Hub,1,78
SLC,KSLC,Salt Lake City International Airport,Salt Lake City,UT,40.7899,-111.9791,4227,America/Denver,Large Hub,1,68
SAN,KSAN,San Diego International Airport,San Diego,CA,32.7338,-117.1933,17,America/Los_Angeles,Medium Hub,2,51
IAD,KIAD,Washington Dulles International Airport,Dulles,VA,38.9531,-77.4565,313,America/New_York,Large Hub,1,123
TPA,KTPA,Tampa International Airport,Tampa,FL,27.9755,-82.5332,26,America/New_York,Large Hub,1,56
MDW,KMDW,Chicago Midway International Airport,Chicago,IL,41.7868,-87.7522,620,America/Chicago,Large Hub,1,43
PDX,KPDX,Portland International Airport,Portland,OR,45.5898,-122.5951,31,America/Los_Angeles,Medium Hub,1,60
DAL,KDAL,Dallas Love Field,Dallas,TX,32.8471,-96.8518,487,America/Chicago,Medium Hub,1,20
STL,KSTL,St. Louis Lambert International Airport,St. Louis,MO,38.7472,-90.3599,618,America/Chicago,Medium Hub,2,54
HNL,PHNL,Daniel K. Inouye International Airport,Honolulu,HI,21.3187,-157.9224,13,Pacific/Honolulu,Large Hub,3,60
FLL,KFLL,Fort Lauderdale-Hollywood International Airport,Fort Lauderdale,FL,26.0726,-80.1527,9,America/New_York,Large Hub,4,66
AUS,KAUS,Austin-Bergstrom International Airport,Austin,TX,30.1975,-97.6664,542,America/Chicago,Medium Hub,2,34
BNA,KBNA,Nashville International Airport,Nashville,TN,36.1263,-86.6774,599,America/Chicago,Medium Hub,1,42
